Tire Size,Tire Count,URL
275/40R22,1,https://www.bridgestonetire.com/catalog/size/275-40r22/
275/45R22,1,https://www.bridgestonetire.com/catalog/size/275-45r22/
275/50R22,2,https://www.bridgestonetire.com/catalog/size/275-50r22/
265/40R22,1,https://www.bridgestonetire.com/catalog/size/265-40r22/
265/50R22,1,https://www.bridgestonetire.com/catalog/size/265-50r22/
255/35R22,1,https://www.bridgestonetire.com/catalog/size/255-35r22/
255/45R22,1,https://www.bridgestonetire.com/catalog/size/255-45r22/
285/35R22,1,https://www.bridgestonetire.com/catalog/size/285-35r22/
285/45R22,3,https://www.bridgestonetire.com/catalog/size/285-45r22/
275/30R21,1,https://www.bridgestonetire.com/catalog/size/275-30r21/
275/35R21,1,https://www.bridgestonetire.com/catalog/size/275-35r21/
275/40R21,1,https://www.bridgestonetire.com/catalog/size/275-40r21/
275/45R21,1,https://www.bridgestonetire.com/catalog/size/275-45r21/
265/35R21,1,https://www.bridgestonetire.com/catalog/size/265-35r21/
265/40R21,3,https://www.bridgestonetire.com/catalog/size/265-40r21/
255/40R21,1,https://www.bridgestonetire.com/catalog/size/255-40r21/
245/35R21,1,https://www.bridgestonetire.com/catalog/size/245-35r21/
345/30R21,1,https://www.bridgestonetire.com/catalog/size/345-30r21/
325/30R21,1,https://www.bridgestonetire.com/catalog/size/325-30r21/
315/35R21,1,https://www.bridgestonetire.com/catalog/size/315-35r21/
295/35R21,1,https://www.bridgestonetire.com/catalog/size/295-35r21/
295/40R21,1,https://www.bridgestonetire.com/catalog/size/295-40r21/
285/30R21,1,https://www.bridgestonetire.com/catalog/size/285-30r21/
285/40R21,1,https://www.bridgestonetire.com/catalog/size/285-40r21/
275/30R20,1,https://www.bridgestonetire.com/catalog/size/275-30r20/
275/35R20,2,https://www.bridgestonetire.com/catalog/size/275-35r20/
275/40R20,4,https://www.bridgestonetire.com/catalog/size/275-40r20/
275/45R20,5,https://www.bridgestonetire.com/catalog/size/275-45r20/
275/50R20,2,https://www.bridgestonetire.com/catalog/size/275-50r20/
275/55R20,8,https://www.bridgestonetire.com/catalog/size/275-55r20/
275/60R20,4,https://www.bridgestonetire.com/catalog/size/275-60r20/
275/65R20,3,https://www.bridgestonetire.com/catalog/size/275-65r20/
265/30R20,1,https://www.bridgestonetire.com/catalog/size/265-30r20/
265/35R20,3,https://www.bridgestonetire.com/catalog/size/265-35r20/
265/40R20,1,https://www.bridgestonetire.com/catalog/size/265-40r20/
265/45R20,1,https://www.bridgestonetire.com/catalog/size/265-45r20/
265/50R20,4,https://www.bridgestonetire.com/catalog/size/265-50r20/
265/60R20,4,https://www.bridgestonetire.com/catalog/size/265-60r20/
255/30R20,1,https://www.bridgestonetire.com/catalog/size/255-30r20/
255/35R20,1,https://www.bridgestonetire.com/catalog/size/255-35r20/
255/40R20,2,https://www.bridgestonetire.com/catalog/size/255-40r20/
255/45R20,7,https://www.bridgestonetire.com/catalog/size/255-45r20/
255/50R20,5,https://www.bridgestonetire.com/catalog/size/255-50r20/
255/55R20,4,https://www.bridgestonetire.com/catalog/size/255-55r20/
245/30R20,3,https://www.bridgestonetire.com/catalog/size/245-30r20/
245/35R20,4,https://www.bridgestonetire.com/catalog/size/245-35r20/
245/40R20,3,https://www.bridgestonetire.com/catalog/size/245-40r20/
245/45R20,5,https://www.bridgestonetire.com/catalog/size/245-45r20/
245/50R20,4,https://www.bridgestonetire.com/catalog/size/245-50r20/
245/60R20,3,https://www.bridgestonetire.com/catalog/size/245-60r20/
235/35R20,1,https://www.bridgestonetire.com/catalog/size/235-35r20/
235/40R20,1,https://www.bridgestonetire.com/catalog/size/235-40r20/
235/45R20,3,https://www.bridgestonetire.com/catalog/size/235-45r20/
235/50R20,1,https://www.bridgestonetire.com/catalog/size/235-50r20/
235/55R20,5,https://www.bridgestonetire.com/catalog/size/235-55r20/
335/25R20,1,https://www.bridgestonetire.com/catalog/size/335-25r20/
215/45R20,1,https://www.bridgestonetire.com/catalog/size/215-45r20/
315/35R20,2,https://www.bridgestonetire.com/catalog/size/315-35r20/
305/30R20,5,https://www.bridgestonetire.com/catalog/size/305-30r20/
305/35R20,1,https://www.bridgestonetire.com/catalog/size/305-35r20/
305/40R20,1,https://www.bridgestonetire.com/catalog/size/305-40r20/
305/55R20,1,https://www.bridgestonetire.com/catalog/size/305-55r20/
295/30R20,1,https://www.bridgestonetire.com/catalog/size/295-30r20/
295/35R20,2,https://www.bridgestonetire.com/catalog/size/295-35r20/
295/40R20,1,https://www.bridgestonetire.com/catalog/size/295-40r20/
285/30R20,2,https://www.bridgestonetire.com/catalog/size/285-30r20/
285/35R20,4,https://www.bridgestonetire.com/catalog/size/285-35r20/
285/40R20,1,https://www.bridgestonetire.com/catalog/size/285-40r20/
285/50R20,2,https://www.bridgestonetire.com/catalog/size/285-50r20/
285/55R20,1,https://www.bridgestonetire.com/catalog/size/285-55r20/
285/60R20,1,https://www.bridgestonetire.com/catalog/size/285-60r20/
275/35R19,3,https://www.bridgestonetire.com/catalog/size/275-35r19/
275/40R19,1,https://www.bridgestonetire.com/catalog/size/275-40r19/
275/45R19,1,https://www.bridgestonetire.com/catalog/size/275-45r19/
275/50R19,1,https://www.bridgestonetire.com/catalog/size/275-50r19/
275/55R19,2,https://www.bridgestonetire.com/catalog/size/275-55r19/
265/30R19,2,https://www.bridgestonetire.com/catalog/size/265-30r19/
265/35R19,4,https://www.bridgestonetire.com/catalog/size/265-35r19/
265/40R19,1,https://www.bridgestonetire.com/catalog/size/265-40r19/
265/50R19,2,https://www.bridgestonetire.com/catalog/size/265-50r19/
255/30R19,1,https://www.bridgestonetire.com/catalog/size/255-30r19/
255/35R19,4,https://www.bridgestonetire.com/catalog/size/255-35r19/
255/40R19,3,https://www.bridgestonetire.com/catalog/size/255-40r19/
255/45R19,3,https://www.bridgestonetire.com/catalog/size/255-45r19/
255/50R19,4,https://www.bridgestonetire.com/catalog/size/255-50r19/
255/55R19,5,https://www.bridgestonetire.com/catalog/size/255-55r19/
255/60R19,3,https://www.bridgestonetire.com/catalog/size/255-60r19/
245/35R19,6,https://www.bridgestonetire.com/catalog/size/245-35r19/
245/40R19,7,https://www.bridgestonetire.com/catalog/size/245-40r19/
245/45R19,7,https://www.bridgestonetire.com/catalog/size/245-45r19/
245/50R19,1,https://www.bridgestonetire.com/catalog/size/245-50r19/
245/55R19,3,https://www.bridgestonetire.com/catalog/size/245-55r19/
235/35R19,4,https://www.bridgestonetire.com/catalog/size/235-35r19/
235/40R19,7,https://www.bridgestonetire.com/catalog/size/235-40r19/
235/45R19,2,https://www.bridgestonetire.com/catalog/size/235-45r19/
235/50R19,4,https://www.bridgestonetire.com/catalog/size/235-50r19/
235/55R19,6,https://www.bridgestonetire.com/catalog/size/235-55r19/
235/65R19,1,https://www.bridgestonetire.com/catalog/size/235-65r19/
345/35R19,1,https://www.bridgestonetire.com/catalog/size/345-35r19/
225/35R19,1,https://www.bridgestonetire.com/catalog/size/225-35r19/
225/40R19,3,https://www.bridgestonetire.com/catalog/size/225-40r19/
225/45R19,4,https://www.bridgestonetire.com/catalog/size/225-45r19/
225/55R19,3,https://www.bridgestonetire.com/catalog/size/225-55r19/
325/30R19,1,https://www.bridgestonetire.com/catalog/size/325-30r19/
305/30R19,2,https://www.bridgestonetire.com/catalog/size/305-30r19/
295/30R19,2,https://www.bridgestonetire.com/catalog/size/295-30r19/
285/30R19,2,https://www.bridgestonetire.com/catalog/size/285-30r19/
285/35R19,4,https://www.bridgestonetire.com/catalog/size/285-35r19/
285/40R19,2,https://www.bridgestonetire.com/catalog/size/285-40r19/
285/45R19,1,https://www.bridgestonetire.com/catalog/size/285-45r19/
275/35R18,3,https://www.bridgestonetire.com/catalog/size/275-35r18/
275/40R18,1,https://www.bridgestonetire.com/catalog/size/275-40r18/
275/45R18,1,https://www.bridgestonetire.com/catalog/size/275-45r18/
275/60R18,1,https://www.bridgestonetire.com/catalog/size/275-60r18/
275/65R18,8,https://www.bridgestonetire.com/catalog/size/275-65r18/
275/70R18,3,https://www.bridgestonetire.com/catalog/size/275-70r18/
265/35R18,4,https://www.bridgestonetire.com/catalog/size/265-35r18/
265/40R18,3,https://www.bridgestonetire.com/catalog/size/265-40r18/
265/45R18,1,https://www.bridgestonetire.com/catalog/size/265-45r18/
265/60R18,6,https://www.bridgestonetire.com/catalog/size/265-60r18/
265/65R18,3,https://www.bridgestonetire.com/catalog/size/265-65r18/
265/70R18,6,https://www.bridgestonetire.com/catalog/size/265-70r18/
255/35R18,6,https://www.bridgestonetire.com/catalog/size/255-35r18/
255/40R18,5,https://www.bridgestonetire.com/catalog/size/255-40r18/
255/45R18,1,https://www.bridgestonetire.com/catalog/size/255-45r18/
255/50R18,1,https://www.bridgestonetire.com/catalog/size/255-50r18/
255/55R18,4,https://www.bridgestonetire.com/catalog/size/255-55r18/
255/60R18,2,https://www.bridgestonetire.com/catalog/size/255-60r18/
255/65R18,3,https://www.bridgestonetire.com/catalog/size/255-65r18/
255/70R18,5,https://www.bridgestonetire.com/catalog/size/255-70r18/
245/35R18,2,https://www.bridgestonetire.com/catalog/size/245-35r18/
245/40R18,9,https://www.bridgestonetire.com/catalog/size/245-40r18/
245/45R18,8,https://www.bridgestonetire.com/catalog/size/245-45r18/
245/50R18,3,https://www.bridgestonetire.com/catalog/size/245-50r18/
245/60R18,5,https://www.bridgestonetire.com/catalog/size/245-60r18/
235/40R18,8,https://www.bridgestonetire.com/catalog/size/235-40r18/
235/45R18,7,https://www.bridgestonetire.com/catalog/size/235-45r18/
235/50R18,7,https://www.bridgestonetire.com/catalog/size/235-50r18/
235/55R18,6,https://www.bridgestonetire.com/catalog/size/235-55r18/
235/60R18,5,https://www.bridgestonetire.com/catalog/size/235-60r18/
235/65R18,4,https://www.bridgestonetire.com/catalog/size/235-65r18/
225/40R18,10,https://www.bridgestonetire.com/catalog/size/225-40r18/
225/45R18,9,https://www.bridgestonetire.com/catalog/size/225-45r18/
225/50R18,7,https://www.bridgestonetire.com/catalog/size/225-50r18/
225/55R18,6,https://www.bridgestonetire.com/catalog/size/225-55r18/
225/60R18,6,https://www.bridgestonetire.com/catalog/size/225-60r18/
215/40R18,2,https://www.bridgestonetire.com/catalog/size/215-40r18/
215/45R18,3,https://www.bridgestonetire.com/catalog/size/215-45r18/
215/55R18,2,https://www.bridgestonetire.com/catalog/size/215-55r18/
205/40R18,0,https://www.bridgestonetire.com/catalog/size/205-40r18/
205/60R18,1,https://www.bridgestonetire.com/catalog/size/205-60r18/
295/30R18,1,https://www.bridgestonetire.com/catalog/size/295-30r18/
295/35R18,2,https://www.bridgestonetire.com/catalog/size/295-35r18/
295/70R18,1,https://www.bridgestonetire.com/catalog/size/295-70r18/
285/30R18,1,https://www.bridgestonetire.com/catalog/size/285-30r18/
285/35R18,1,https://www.bridgestonetire.com/catalog/size/285-35r18/
285/60R18,2,https://www.bridgestonetire.com/catalog/size/285-60r18/
285/65R18,1,https://www.bridgestonetire.com/catalog/size/285-65r18/
265/65R17,4,https://www.bridgestonetire.com/catalog/size/265-65r17/
265/70R17,10,https://www.bridgestonetire.com/catalog/size/265-70r17/
255/40R17,2,https://www.bridgestonetire.com/catalog/size/255-40r17/
255/65R17,1,https://www.bridgestonetire.com/catalog/size/255-65r17/
255/70R17,3,https://www.bridgestonetire.com/catalog/size/255-70r17/
255/75R17,2,https://www.bridgestonetire.com/catalog/size/255-75r17/
245/40R17,3,https://www.bridgestonetire.com/catalog/size/245-40r17/
245/45R17,5,https://www.bridgestonetire.com/catalog/size/245-45r17/
245/50R17,2,https://www.bridgestonetire.com/catalog/size/245-50r17/
245/65R17,4,https://www.bridgestonetire.com/catalog/size/245-65r17/
245/70R17,7,https://www.bridgestonetire.com/catalog/size/245-70r17/
245/75R17,4,https://www.bridgestonetire.com/catalog/size/245-75r17/
235/45R17,4,https://www.bridgestonetire.com/catalog/size/235-45r17/
235/50R17,2,https://www.bridgestonetire.com/catalog/size/235-50r17/
235/55R17,5,https://www.bridgestonetire.com/catalog/size/235-55r17/
235/60R17,3,https://www.bridgestonetire.com/catalog/size/235-60r17/
235/65R17,6,https://www.bridgestonetire.com/catalog/size/235-65r17/
235/80R17,3,https://www.bridgestonetire.com/catalog/size/235-80r17/
225/45R17,8,https://www.bridgestonetire.com/catalog/size/225-45r17/
225/50R17,8,https://www.bridgestonetire.com/catalog/size/225-50r17/
225/55R17,5,https://www.bridgestonetire.com/catalog/size/225-55r17/
225/60R17,5,https://www.bridgestonetire.com/catalog/size/225-60r17/
225/65R17,8,https://www.bridgestonetire.com/catalog/size/225-65r17/
215/45R17,9,https://www.bridgestonetire.com/catalog/size/215-45r17/
215/50R17,5,https://www.bridgestonetire.com/catalog/size/215-50r17/
215/55R17,6,https://www.bridgestonetire.com/catalog/size/215-55r17/
215/60R17,4,https://www.bridgestonetire.com/catalog/size/215-60r17/
215/65R17,4,https://www.bridgestonetire.com/catalog/size/215-65r17/
215/70R17,1,https://www.bridgestonetire.com/catalog/size/215-70r17/
205/40R17,1,https://www.bridgestonetire.com/catalog/size/205-40r17/
205/45R17,5,https://www.bridgestonetire.com/catalog/size/205-45r17/
205/50R17,6,https://www.bridgestonetire.com/catalog/size/205-50r17/
205/55R17,3,https://www.bridgestonetire.com/catalog/size/205-55r17/
205/60R17,1,https://www.bridgestonetire.com/catalog/size/205-60r17/
315/70R17,1,https://www.bridgestonetire.com/catalog/size/315-70r17/
195/60R17,1,https://www.bridgestonetire.com/catalog/size/195-60r17/
285/70R17,3,https://www.bridgestonetire.com/catalog/size/285-70r17/
265/70R16,3,https://www.bridgestonetire.com/catalog/size/265-70r16/
265/75R16,4,https://www.bridgestonetire.com/catalog/size/265-75r16/
255/70R16,1,https://www.bridgestonetire.com/catalog/size/255-70r16/
245/45R16,1,https://www.bridgestonetire.com/catalog/size/245-45r16/
245/70R16,1,https://www.bridgestonetire.com/catalog/size/245-70r16/
245/75R16,9,https://www.bridgestonetire.com/catalog/size/245-75r16/
235/60R16,1,https://www.bridgestonetire.com/catalog/size/235-60r16/
235/65R16,2,https://www.bridgestonetire.com/catalog/size/235-65r16/
235/70R16,2,https://www.bridgestonetire.com/catalog/size/235-70r16/
235/85R16,4,https://www.bridgestonetire.com/catalog/size/235-85r16/
225/50R16,1,https://www.bridgestonetire.com/catalog/size/225-50r16/
225/60R16,3,https://www.bridgestonetire.com/catalog/size/225-60r16/
225/65R16,2,https://www.bridgestonetire.com/catalog/size/225-65r16/
225/70R16,1,https://www.bridgestonetire.com/catalog/size/225-70r16/
225/75R16,7,https://www.bridgestonetire.com/catalog/size/225-75r16/
215/45R16,1,https://www.bridgestonetire.com/catalog/size/215-45r16/
215/55R16,3,https://www.bridgestonetire.com/catalog/size/215-55r16/
215/60R16,4,https://www.bridgestonetire.com/catalog/size/215-60r16/
215/65R16,4,https://www.bridgestonetire.com/catalog/size/215-65r16/
215/70R16,3,https://www.bridgestonetire.com/catalog/size/215-70r16/
215/85R16,4,https://www.bridgestonetire.com/catalog/size/215-85r16/
205/45R16,1,https://www.bridgestonetire.com/catalog/size/205-45r16/
205/50R16,1,https://www.bridgestonetire.com/catalog/size/205-50r16/
205/55R16,9,https://www.bridgestonetire.com/catalog/size/205-55r16/
205/60R16,5,https://www.bridgestonetire.com/catalog/size/205-60r16/
205/65R16,5,https://www.bridgestonetire.com/catalog/size/205-65r16/
195/50R16,2,https://www.bridgestonetire.com/catalog/size/195-50r16/
195/55R16,3,https://www.bridgestonetire.com/catalog/size/195-55r16/
195/60R16,1,https://www.bridgestonetire.com/catalog/size/195-60r16/
185/55R16,2,https://www.bridgestonetire.com/catalog/size/185-55r16/
285/75R16,2,https://www.bridgestonetire.com/catalog/size/285-75r16/
235/75R15,1,https://www.bridgestonetire.com/catalog/size/235-75r15/
225/50R15,1,https://www.bridgestonetire.com/catalog/size/225-50r15/
215/70R15,1,https://www.bridgestonetire.com/catalog/size/215-70r15/
205/50R15,1,https://www.bridgestonetire.com/catalog/size/205-50r15/
205/65R15,3,https://www.bridgestonetire.com/catalog/size/205-65r15/
205/70R15,1,https://www.bridgestonetire.com/catalog/size/205-70r15/
195/60R15,2,https://www.bridgestonetire.com/catalog/size/195-60r15/
195/65R15,4,https://www.bridgestonetire.com/catalog/size/195-65r15/
185/55R15,2,https://www.bridgestonetire.com/catalog/size/185-55r15/
185/60R15,2,https://www.bridgestonetire.com/catalog/size/185-60r15/
185/65R15,3,https://www.bridgestonetire.com/catalog/size/185-65r15/
175/55R15,1,https://www.bridgestonetire.com/catalog/size/175-55r15/
175/65R15,3,https://www.bridgestonetire.com/catalog/size/175-65r15/
185/65R14,1,https://www.bridgestonetire.com/catalog/size/185-65r14/
Total time taken 2 minutes 58 seconds
